timeStamp,elapsed,label,responseCode,responseMessage,threadName,dataType,success,failureMessage,bytes,sentBytes,grpThreads,allThreads,URL,Latency,IdleTime,Connect
1684426683446,730,T01_Create_User,201,Created,Thread Group 1-1,text,true,,714,216,1,1,https://reqres.in/api/users,728,0,285
1684426684236,345,T02_Update_Request,200,OK,Thread Group 1-1,text,true,,695,225,2,2,https://reqres.in/api/users/20,345,0,0
1684426684582,326,T01_Create_User,201,Created,Thread Group 1-1,text,true,,711,216,2,2,https://reqres.in/api/users,326,0,0
1684426685373,523,T01_Create_User,201,Created,Thread Group 1-3,text,true,,713,216,3,3,https://reqres.in/api/users,523,0,161
1684426684360,522,T01_Create_User,201,Created,Thread Group 1-2,text,true,,719,216,2,2,https://reqres.in/api/users,522,0,149
1684426685890,323,T02_Update_Request,200,OK,Thread Group 1-1,text,true,,697,226,3,3,https://reqres.in/api/users/438,323,0,0
1684426685920,330,T02_Update_Request,200,OK,Thread Group 1-2,text,true,,701,226,3,3,https://reqres.in/api/users/428,329,0,0
1684426685907,388,T02_Update_Request,200,OK,Thread Group 1-3,text,true,,695,226,3,3,https://reqres.in/api/users/233,388,0,0
1684426686296,322,T01_Create_User,201,Created,Thread Group 1-3,text,true,,712,216,4,4,https://reqres.in/api/users,322,0,0
1684426686251,341,T01_Create_User,201,Created,Thread Group 1-2,text,true,,714,216,4,4,https://reqres.in/api/users,341,0,0
1684426686363,534,T01_Create_User,201,Created,Thread Group 1-4,text,true,,705,216,4,4,https://reqres.in/api/users,534,0,150
1684426686214,327,T01_Create_User,201,Created,Thread Group 1-1,text,true,,713,216,4,4,https://reqres.in/api/users,327,0,0
1684426687588,367,T02_Update_Request,200,OK,Thread Group 1-1,text,true,,695,226,5,5,https://reqres.in/api/users/899,367,0,0
1684426687569,386,T02_Update_Request,200,OK,Thread Group 1-4,text,true,,695,226,5,5,https://reqres.in/api/users/808,386,0,0
1684426687567,388,T02_Update_Request,200,OK,Thread Group 1-3,text,true,,699,225,5,5,https://reqres.in/api/users/38,388,0,0
1684426687567,388,T02_Update_Request,200,OK,Thread Group 1-2,text,true,,701,225,5,5,https://reqres.in/api/users/60,388,0,0
1684426687357,598,T01_Create_User,201,Created,Thread Group 1-5,text,true,,711,216,5,5,https://reqres.in/api/users,598,0,164
1684426688090,326,T02_Update_Request,200,OK,Thread Group 1-5,text,true,,697,226,6,6,https://reqres.in/api/users/669,326,0,0
1684426687957,325,T01_Create_User,201,Created,Thread Group 1-4,text,true,,711,216,5,5,https://reqres.in/api/users,325,0,0
1684426688417,322,T01_Create_User,201,Created,Thread Group 1-5,text,true,,717,216,6,6,https://reqres.in/api/users,322,0,0
1684426687957,325,T01_Create_User,201,Created,Thread Group 1-3,text,true,,713,216,5,5,https://reqres.in/api/users,325,0,0
1684426687957,325,T01_Create_User,201,Created,Thread Group 1-2,text,true,,713,216,5,5,https://reqres.in/api/users,325,0,0
1684426688358,484,T01_Create_User,201,Created,Thread Group 1-6,text,true,,709,216,6,6,https://reqres.in/api/users,484,0,159
1684426687957,313,T01_Create_User,201,Created,Thread Group 1-1,text,true,,709,216,5,5,https://reqres.in/api/users,313,0,0
1684426688849,334,T02_Update_Request,200,OK,Thread Group 1-6,text,true,,697,226,6,6,https://reqres.in/api/users/981,334,0,0
1684426688839,344,T02_Update_Request,200,OK,Thread Group 1-5,text,true,,695,226,6,6,https://reqres.in/api/users/540,344,0,0
1684426688839,345,T02_Update_Request,200,OK,Thread Group 1-2,text,true,,695,226,6,6,https://reqres.in/api/users/187,345,0,0
1684426688839,345,T02_Update_Request,200,OK,Thread Group 1-3,text,true,,691,226,6,6,https://reqres.in/api/users/568,344,0,0
1684426688839,345,T02_Update_Request,200,OK,Thread Group 1-4,text,true,,695,226,6,6,https://reqres.in/api/users/234,344,0,0
1684426688858,328,T02_Update_Request,200,OK,Thread Group 1-1,text,true,,691,226,6,6,https://reqres.in/api/users/827,328,0,0
1684426689187,326,T01_Create_User,201,Created,Thread Group 1-1,text,true,,717,216,7,7,https://reqres.in/api/users,326,0,0
1684426689184,325,T01_Create_User,201,Created,Thread Group 1-3,text,true,,713,216,7,7,https://reqres.in/api/users,325,0,0
1684426689184,325,T01_Create_User,201,Created,Thread Group 1-2,text,true,,711,216,7,7,https://reqres.in/api/users,325,0,0
1684426689184,322,T01_Create_User,201,Created,Thread Group 1-4,text,true,,709,216,7,7,https://reqres.in/api/users,322,0,0
1684426689184,322,T01_Create_User,201,Created,Thread Group 1-5,text,true,,706,216,7,7,https://reqres.in/api/users,322,0,0
1684426689184,325,T01_Create_User,201,Created,Thread Group 1-6,text,true,,715,216,7,7,https://reqres.in/api/users,325,0,0
1684426689520,320,T02_Update_Request,200,OK,Thread Group 1-3,text,true,,691,226,7,7,https://reqres.in/api/users/601,320,0,0
1684426689520,329,T02_Update_Request,200,OK,Thread Group 1-1,text,true,,695,226,7,7,https://reqres.in/api/users/790,329,0,0
1684426689520,334,T02_Update_Request,200,OK,Thread Group 1-2,text,true,,693,226,7,7,https://reqres.in/api/users/542,334,0,0
1684426689636,320,T02_Update_Request,200,OK,Thread Group 1-4,text,true,,701,226,7,7,https://reqres.in/api/users/588,320,0,0
1684426689636,326,T02_Update_Request,200,OK,Thread Group 1-6,text,true,,695,226,7,7,https://reqres.in/api/users/733,326,0,0
1684426689636,326,T02_Update_Request,200,OK,Thread Group 1-5,text,true,,705,225,7,7,https://reqres.in/api/users/22,326,0,0
1684426689353,490,T01_Create_User,201,Created,Thread Group 1-7,text,true,,713,216,7,7,https://reqres.in/api/users,490,0,160
1684426689851,316,T01_Create_User,201,Created,Thread Group 1-1,text,true,,713,216,7,7,https://reqres.in/api/users,316,0,0
1684426689963,324,T01_Create_User,201,Created,Thread Group 1-6,text,true,,713,216,7,7,https://reqres.in/api/users,324,0,0
1684426689957,316,T01_Create_User,201,Created,Thread Group 1-4,text,true,,711,216,7,7,https://reqres.in/api/users,316,0,0
1684426689963,324,T01_Create_User,201,Created,Thread Group 1-5,text,true,,711,216,7,7,https://reqres.in/api/users,324,0,0
1684426689854,322,T01_Create_User,201,Created,Thread Group 1-2,text,true,,712,216,7,7,https://reqres.in/api/users,322,0,0
1684426689992,335,T02_Update_Request,200,OK,Thread Group 1-7,text,true,,701,226,7,7,https://reqres.in/api/users/775,335,0,0
1684426689842,318,T01_Create_User,201,Created,Thread Group 1-3,text,true,,711,216,7,7,https://reqres.in/api/users,318,0,0
1684426690171,328,T02_Update_Request,200,OK,Thread Group 1-1,text,true,,699,226,8,8,https://reqres.in/api/users/662,328,0,0
1684426690299,307,T02_Update_Request,200,OK,Thread Group 1-5,text,true,,695,226,8,8,https://reqres.in/api/users/502,307,0,0
1684426690298,313,T02_Update_Request,200,OK,Thread Group 1-6,text,true,,695,226,8,8,https://reqres.in/api/users/773,313,0,0
1684426690299,322,T02_Update_Request,200,OK,Thread Group 1-4,text,true,,707,226,8,8,https://reqres.in/api/users/413,322,0,0
1684426690299,324,T02_Update_Request,200,OK,Thread Group 1-2,text,true,,693,225,8,8,https://reqres.in/api/users/71,324,0,0
1684426690336,431,T02_Update_Request,200,OK,Thread Group 1-3,text,true,,695,226,8,8,https://reqres.in/api/users/561,431,0,0
1684426690768,329,T01_Create_User,201,Created,Thread Group 1-3,text,true,,711,216,8,8,https://reqres.in/api/users,329,0,0
1684426690500,314,T01_Create_User,201,Created,Thread Group 1-1,text,true,,711,216,8,8,https://reqres.in/api/users,314,0,0
1684426690622,325,T01_Create_User,201,Created,Thread Group 1-4,text,true,,717,216,8,8,https://reqres.in/api/users,325,0,0
1684426690607,324,T01_Create_User,201,Created,Thread Group 1-5,text,true,,710,216,8,8,https://reqres.in/api/users,324,0,0
1684426690624,323,T01_Create_User,201,Created,Thread Group 1-2,text,true,,711,216,8,8,https://reqres.in/api/users,323,0,0
1684426690345,478,T01_Create_User,201,Created,Thread Group 1-8,text,true,,709,216,8,8,https://reqres.in/api/users,478,0,155
1684426690612,316,T01_Create_User,201,Created,Thread Group 1-6,text,true,,713,216,8,8,https://reqres.in/api/users,316,0,0
1684426690328,313,T01_Create_User,201,Created,Thread Group 1-7,text,true,,713,216,8,8,https://reqres.in/api/users,312,0,0
1684426691352,315,T02_Update_Request,200,OK,Thread Group 1-3,text,true,,693,226,9,9,https://reqres.in/api/users/457,315,0,0
1684426691352,323,T02_Update_Request,200,OK,Thread Group 1-4,text,true,,701,226,9,9,https://reqres.in/api/users/747,323,0,0
1684426691352,323,T02_Update_Request,200,OK,Thread Group 1-1,text,true,,693,226,9,9,https://reqres.in/api/users/129,323,0,0
1684426691353,326,T02_Update_Request,200,OK,Thread Group 1-8,text,true,,697,226,9,9,https://reqres.in/api/users/619,326,0,0
1684426691352,330,T02_Update_Request,200,OK,Thread Group 1-2,text,true,,695,226,9,9,https://reqres.in/api/users/793,330,0,0
1684426691356,329,T02_Update_Request,200,OK,Thread Group 1-6,text,true,,701,226,9,9,https://reqres.in/api/users/965,329,0,0
1684426691352,338,T02_Update_Request,200,OK,Thread Group 1-5,text,true,,695,225,9,9,https://reqres.in/api/users/76,338,0,0
1684426691391,308,T02_Update_Request,200,OK,Thread Group 1-7,text,true,,697,226,9,9,https://reqres.in/api/users/218,308,0,0
1684426691676,327,T01_Create_User,201,Created,Thread Group 1-4,text,true,,711,216,9,9,https://reqres.in/api/users,327,0,0
1684426691680,328,T01_Create_User,201,Created,Thread Group 1-8,text,true,,713,216,9,9,https://reqres.in/api/users,328,0,0
1684426691676,310,T01_Create_User,201,Created,Thread Group 1-1,text,true,,709,216,9,9,https://reqres.in/api/users,310,0,0
1684426691683,320,T01_Create_User,201,Created,Thread Group 1-2,text,true,,711,216,9,9,https://reqres.in/api/users,320,0,0
1684426691700,323,T01_Create_User,201,Created,Thread Group 1-7,text,true,,711,216,9,9,https://reqres.in/api/users,323,0,0
1684426691691,319,T01_Create_User,201,Created,Thread Group 1-5,text,true,,709,216,9,9,https://reqres.in/api/users,319,0,0
1684426692342,491,T01_Create_User,201,Created,Thread Group 1-10,text,true,,710,216,10,10,https://reqres.in/api/users,491,0,165
1684426691686,311,T01_Create_User,201,Created,Thread Group 1-6,text,true,,715,216,9,9,https://reqres.in/api/users,310,0,0
1684426691669,312,T01_Create_User,201,Created,Thread Group 1-3,text,true,,711,216,9,9,https://reqres.in/api/users,312,0,0
1684426691347,491,T01_Create_User,201,Created,Thread Group 1-9,text,true,,707,216,9,9,https://reqres.in/api/users,491,0,167
1684426692918,320,T02_Update_Request,200,OK,Thread Group 1-7,text,true,,707,226,10,10,https://reqres.in/api/users/892,320,0,0
1684426692921,320,T02_Update_Request,200,OK,Thread Group 1-3,text,true,,693,226,10,10,https://reqres.in/api/users/356,320,0,0
1684426692919,325,T02_Update_Request,200,OK,Thread Group 1-6,text,true,,693,226,10,10,https://reqres.in/api/users/991,325,0,0
1684426692918,328,T02_Update_Request,200,OK,Thread Group 1-1,text,true,,695,226,10,10,https://reqres.in/api/users/293,328,0,0
1684426692918,331,T02_Update_Request,200,OK,Thread Group 1-4,text,true,,693,226,10,10,https://reqres.in/api/users/245,331,0,0
1684426692918,331,T02_Update_Request,200,OK,Thread Group 1-2,text,true,,697,226,10,10,https://reqres.in/api/users/535,331,0,0
1684426692918,331,T02_Update_Request,200,OK,Thread Group 1-8,text,true,,691,226,10,10,https://reqres.in/api/users/716,331,0,0
1684426692936,313,T02_Update_Request,200,OK,Thread Group 1-9,text,true,,693,226,10,10,https://reqres.in/api/users/220,313,0,0
1684426692918,337,T02_Update_Request,200,OK,Thread Group 1-5,text,true,,689,226,10,10,https://reqres.in/api/users/516,337,0,0
1684426692919,338,T02_Update_Request,200,OK,Thread Group 1-10,text,true,,697,225,10,10,https://reqres.in/api/users/92,338,0,0
1684426693255,323,T01_Create_User,201,Created,Thread Group 1-5,text,true,,714,216,10,10,https://reqres.in/api/users,323,0,0
1684426693242,325,T01_Create_User,201,Created,Thread Group 1-3,text,true,,711,216,10,10,https://reqres.in/api/users,325,0,0
1684426693250,317,T01_Create_User,201,Created,Thread Group 1-4,text,true,,715,216,10,10,https://reqres.in/api/users,317,0,0
1684426693250,317,T01_Create_User,201,Created,Thread Group 1-8,text,true,,723,216,10,10,https://reqres.in/api/users,317,0,0
1684426693246,321,T01_Create_User,201,Created,Thread Group 1-1,text,true,,715,216,10,10,https://reqres.in/api/users,321,0,0
1684426693257,318,T01_Create_User,201,Created,Thread Group 1-10,text,true,,712,216,10,10,https://reqres.in/api/users,318,0,0
1684426693250,321,T01_Create_User,201,Created,Thread Group 1-2,text,true,,713,216,10,10,https://reqres.in/api/users,321,0,0
1684426693245,320,T01_Create_User,201,Created,Thread Group 1-6,text,true,,713,216,10,10,https://reqres.in/api/users,320,0,0
1684426693250,328,T01_Create_User,201,Created,Thread Group 1-9,text,true,,713,216,10,10,https://reqres.in/api/users,328,0,0
1684426693239,311,T01_Create_User,201,Created,Thread Group 1-7,text,true,,718,216,10,10,https://reqres.in/api/users,311,0,0
1684426694111,320,T02_Update_Request,200,OK,Thread Group 1-4,text,true,,699,226,10,10,https://reqres.in/api/users/793,320,0,0
1684426694111,321,T02_Update_Request,200,OK,Thread Group 1-1,text,true,,689,226,10,10,https://reqres.in/api/users/385,321,0,0
1684426694113,325,T02_Update_Request,200,OK,Thread Group 1-6,text,true,,701,226,10,10,https://reqres.in/api/users/848,324,0,0
1684426694113,341,T02_Update_Request,200,OK,Thread Group 1-2,text,true,,699,226,10,10,https://reqres.in/api/users/646,341,0,0
1684426694115,339,T02_Update_Request,200,OK,Thread Group 1-9,text,true,,697,226,10,10,https://reqres.in/api/users/227,339,0,0
1684426694112,342,T02_Update_Request,200,OK,Thread Group 1-10,text,true,,695,225,10,10,https://reqres.in/api/users/51,342,0,0
1684426694111,343,T02_Update_Request,200,OK,Thread Group 1-5,text,true,,695,225,10,10,https://reqres.in/api/users/24,343,0,0
1684426694111,343,T02_Update_Request,200,OK,Thread Group 1-3,text,true,,699,226,10,10,https://reqres.in/api/users/848,343,0,0
1684426694111,343,T02_Update_Request,200,OK,Thread Group 1-8,text,true,,699,226,10,10,https://reqres.in/api/users/896,343,0,0
1684426694139,351,T02_Update_Request,200,OK,Thread Group 1-7,text,true,,699,225,10,10,https://reqres.in/api/users/78,351,0,0
1684426694491,326,T01_Create_User,201,Created,Thread Group 1-7,text,true,,715,216,10,10,https://reqres.in/api/users,326,0,0
1684426694455,362,T01_Create_User,201,Created,Thread Group 1-10,text,true,,707,216,10,10,https://reqres.in/api/users,362,0,0
1684426694438,379,T01_Create_User,201,Created,Thread Group 1-6,text,true,,717,216,10,10,https://reqres.in/api/users,379,0,0
1684426694455,362,T01_Create_User,201,Created,Thread Group 1-2,text,true,,715,216,10,10,https://reqres.in/api/users,362,0,0
1684426694455,362,T01_Create_User,201,Created,Thread Group 1-9,text,true,,707,216,10,10,https://reqres.in/api/users,362,0,0
1684426694455,361,T01_Create_User,201,Created,Thread Group 1-3,text,true,,711,216,10,10,https://reqres.in/api/users,361,0,0
1684426694455,362,T01_Create_User,201,Created,Thread Group 1-8,text,true,,709,216,10,10,https://reqres.in/api/users,362,0,0
1684426694433,383,T01_Create_User,201,Created,Thread Group 1-1,text,true,,711,216,10,10,https://reqres.in/api/users,383,0,0
1684426694432,385,T01_Create_User,201,Created,Thread Group 1-4,text,true,,711,216,10,10,https://reqres.in/api/users,385,0,0
1684426694455,362,T01_Create_User,201,Created,Thread Group 1-5,text,true,,715,216,10,10,https://reqres.in/api/users,362,0,0
1684426694829,315,T02_Update_Request,200,OK,Thread Group 1-9,text,true,,691,226,10,10,https://reqres.in/api/users/938,315,0,0
1684426694826,322,T02_Update_Request,200,OK,Thread Group 1-10,text,true,,699,226,10,10,https://reqres.in/api/users/232,321,0,0
1684426694826,322,T02_Update_Request,200,OK,Thread Group 1-7,text,true,,691,226,10,10,https://reqres.in/api/users/102,322,0,0
1684426694826,324,T02_Update_Request,200,OK,Thread Group 1-2,text,true,,701,226,10,10,https://reqres.in/api/users/725,324,0,0
1684426694990,313,T02_Update_Request,200,OK,Thread Group 1-3,text,true,,691,226,10,10,https://reqres.in/api/users/829,313,0,0
1684426694990,318,T02_Update_Request,200,OK,Thread Group 1-5,text,true,,689,226,10,10,https://reqres.in/api/users/269,318,0,0
1684426694990,318,T02_Update_Request,200,OK,Thread Group 1-4,text,true,,697,226,10,10,https://reqres.in/api/users/716,318,0,0
1684426694990,325,T02_Update_Request,200,OK,Thread Group 1-8,text,true,,693,226,10,10,https://reqres.in/api/users/359,325,0,0
1684426694990,374,T02_Update_Request,200,OK,Thread Group 1-1,text,true,,695,226,10,10,https://reqres.in/api/users/746,374,0,0
1684426694826,622,T02_Update_Request,200,OK,Thread Group 1-6,text,true,,695,226,10,10,https://reqres.in/api/users/551,622,0,0
1684426695449,326,T01_Create_User,201,Created,Thread Group 1-6,text,true,,711,216,10,10,https://reqres.in/api/users,326,0,0
1684426695151,324,T01_Create_User,201,Created,Thread Group 1-2,text,true,,713,216,10,10,https://reqres.in/api/users,324,0,0
1684426695365,329,T01_Create_User,201,Created,Thread Group 1-1,text,true,,708,216,10,10,https://reqres.in/api/users,329,0,0
1684426695309,316,T01_Create_User,201,Created,Thread Group 1-5,text,true,,711,216,10,10,https://reqres.in/api/users,316,0,0
1684426695304,323,T01_Create_User,201,Created,Thread Group 1-3,text,true,,715,216,10,10,https://reqres.in/api/users,323,0,0
1684426695318,322,T01_Create_User,201,Created,Thread Group 1-8,text,true,,709,216,10,10,https://reqres.in/api/users,322,0,0
1684426695309,321,T01_Create_User,201,Created,Thread Group 1-4,text,true,,715,216,10,10,https://reqres.in/api/users,321,0,0
1684426695149,318,T01_Create_User,201,Created,Thread Group 1-7,text,true,,709,216,10,10,https://reqres.in/api/users,318,0,0
1684426695145,322,T01_Create_User,201,Created,Thread Group 1-9,text,true,,719,216,10,10,https://reqres.in/api/users,322,0,0
1684426695148,321,T01_Create_User,201,Created,Thread Group 1-10,text,true,,709,216,10,10,https://reqres.in/api/users,321,0,0
1684426696196,337,T02_Update_Request,200,OK,Thread Group 1-8,text,true,,701,226,10,10,https://reqres.in/api/users/403,337,0,0
1684426696196,337,T02_Update_Request,200,OK,Thread Group 1-4,text,true,,693,226,10,10,https://reqres.in/api/users/189,337,0,0
1684426696194,339,T02_Update_Request,200,OK,Thread Group 1-1,text,true,,701,225,10,10,https://reqres.in/api/users/67,339,0,0
1684426696194,339,T02_Update_Request,200,OK,Thread Group 1-6,text,true,,695,226,10,10,https://reqres.in/api/users/988,339,0,0
1684426696196,337,T02_Update_Request,200,OK,Thread Group 1-3,text,true,,695,226,10,10,https://reqres.in/api/users/876,337,0,0
1684426696194,340,T02_Update_Request,200,OK,Thread Group 1-2,text,true,,701,226,10,10,https://reqres.in/api/users/739,340,0,0
1684426696211,323,T02_Update_Request,200,OK,Thread Group 1-7,text,true,,693,226,10,10,https://reqres.in/api/users/237,323,0,0
1684426696211,323,T02_Update_Request,200,OK,Thread Group 1-9,text,true,,701,226,10,10,https://reqres.in/api/users/499,323,0,0
1684426696194,339,T02_Update_Request,200,OK,Thread Group 1-5,text,true,,695,226,10,10,https://reqres.in/api/users/864,339,0,0
1684426696211,325,T02_Update_Request,200,OK,Thread Group 1-10,text,true,,689,226,10,10,https://reqres.in/api/users/489,325,0,0
1684426696534,342,T01_Create_User,201,Created,Thread Group 1-8,text,true,,711,216,10,10,https://reqres.in/api/users,342,0,0
1684426696534,342,T01_Create_User,201,Created,Thread Group 1-1,text,true,,717,216,10,10,https://reqres.in/api/users,342,0,0
1684426696537,339,T01_Create_User,201,Created,Thread Group 1-10,text,true,,713,216,10,10,https://reqres.in/api/users,339,0,0
1684426696535,341,T01_Create_User,201,Created,Thread Group 1-7,text,true,,715,216,10,10,https://reqres.in/api/users,341,0,0
1684426696534,331,T01_Create_User,201,Created,Thread Group 1-3,text,true,,711,216,10,10,https://reqres.in/api/users,330,0,0
1684426696534,331,T01_Create_User,201,Created,Thread Group 1-6,text,true,,711,216,10,10,https://reqres.in/api/users,330,0,0
1684426696534,331,T01_Create_User,201,Created,Thread Group 1-2,text,true,,713,216,10,10,https://reqres.in/api/users,330,0,0
1684426696535,331,T01_Create_User,201,Created,Thread Group 1-4,text,true,,717,216,10,10,https://reqres.in/api/users,331,0,0
1684426696535,330,T01_Create_User,201,Created,Thread Group 1-9,text,true,,715,216,10,10,https://reqres.in/api/users,329,0,0
1684426696535,330,T01_Create_User,201,Created,Thread Group 1-5,text,true,,713,216,10,10,https://reqres.in/api/users,329,0,0
1684426697010,335,T02_Update_Request,200,OK,Thread Group 1-1,text,true,,705,226,10,10,https://reqres.in/api/users/961,335,0,0
1684426697011,334,T02_Update_Request,200,OK,Thread Group 1-7,text,true,,697,226,10,10,https://reqres.in/api/users/452,334,0,0
1684426697010,335,T02_Update_Request,200,OK,Thread Group 1-10,text,true,,697,226,10,10,https://reqres.in/api/users/115,335,0,0
1684426697010,335,T02_Update_Request,200,OK,Thread Group 1-8,text,true,,693,226,10,10,https://reqres.in/api/users/638,335,0,0
1684426697043,316,T02_Update_Request,200,OK,Thread Group 1-4,text,true,,697,226,10,10,https://reqres.in/api/users/105,316,0,0
1684426697043,320,T02_Update_Request,200,OK,Thread Group 1-5,text,true,,697,226,10,10,https://reqres.in/api/users/295,320,0,0
1684426697043,337,T02_Update_Request,200,OK,Thread Group 1-2,text,true,,703,226,10,10,https://reqres.in/api/users/311,337,0,0
1684426697042,338,T02_Update_Request,200,OK,Thread Group 1-3,text,true,,693,226,10,10,https://reqres.in/api/users/454,338,0,0
1684426697043,337,T02_Update_Request,200,OK,Thread Group 1-9,text,true,,695,226,10,10,https://reqres.in/api/users/512,337,0,0
1684426697044,337,T02_Update_Request,200,OK,Thread Group 1-6,text,true,,699,226,10,10,https://reqres.in/api/users/453,337,0,0
1684426697360,327,T01_Create_User,201,Created,Thread Group 1-4,text,true,,717,216,10,10,https://reqres.in/api/users,327,0,0
1684426697346,325,T01_Create_User,201,Created,Thread Group 1-10,text,true,,713,216,10,10,https://reqres.in/api/users,325,0,0
1684426697365,322,T01_Create_User,201,Created,Thread Group 1-5,text,true,,721,216,10,10,https://reqres.in/api/users,322,0,0
1684426697346,325,T01_Create_User,201,Created,Thread Group 1-7,text,true,,709,216,10,10,https://reqres.in/api/users,325,0,0
1684426697382,308,T01_Create_User,201,Created,Thread Group 1-6,text,true,,721,216,10,10,https://reqres.in/api/users,308,0,0
1684426697381,321,T01_Create_User,201,Created,Thread Group 1-9,text,true,,713,216,10,10,https://reqres.in/api/users,321,0,0
1684426697346,334,T01_Create_User,201,Created,Thread Group 1-8,text,true,,709,216,10,10,https://reqres.in/api/users,334,0,0
1684426697381,327,T01_Create_User,201,Created,Thread Group 1-2,text,true,,718,216,10,10,https://reqres.in/api/users,327,0,0
1684426697382,317,T01_Create_User,201,Created,Thread Group 1-3,text,true,,711,216,10,10,https://reqres.in/api/users,317,0,0
1684426697346,318,T01_Create_User,201,Created,Thread Group 1-1,text,true,,711,216,10,10,https://reqres.in/api/users,318,0,0
1684426697779,307,T02_Update_Request,200,OK,Thread Group 1-3,text,true,,695,226,10,10,https://reqres.in/api/users/876,307,0,0
1684426697778,311,T02_Update_Request,200,OK,Thread Group 1-8,text,true,,701,226,10,10,https://reqres.in/api/users/733,311,0,0
1684426697774,315,T02_Update_Request,200,OK,Thread Group 1-4,text,true,,699,226,10,10,https://reqres.in/api/users/890,315,0,0
1684426697776,319,T02_Update_Request,200,OK,Thread Group 1-10,text,true,,697,226,10,10,https://reqres.in/api/users/434,319,0,0
1684426697777,321,T02_Update_Request,200,OK,Thread Group 1-5,text,true,,693,226,10,10,https://reqres.in/api/users/945,321,0,0
1684426697778,324,T02_Update_Request,200,OK,Thread Group 1-2,text,true,,697,225,10,10,https://reqres.in/api/users/46,324,0,0
1684426697777,325,T02_Update_Request,200,OK,Thread Group 1-7,text,true,,699,226,10,10,https://reqres.in/api/users/479,325,0,0
1684426697778,326,T02_Update_Request,200,OK,Thread Group 1-6,text,true,,701,226,10,10,https://reqres.in/api/users/117,326,0,0
1684426697778,326,T02_Update_Request,200,OK,Thread Group 1-9,text,true,,695,224,10,10,https://reqres.in/api/users/3,326,0,0
1684426697813,324,T02_Update_Request,200,OK,Thread Group 1-1,text,true,,691,226,10,10,https://reqres.in/api/users/222,324,0,0
1684426698090,414,T01_Create_User,201,Created,Thread Group 1-4,text,true,,710,216,10,10,https://reqres.in/api/users,414,0,0
1684426698103,401,T01_Create_User,201,Created,Thread Group 1-2,text,true,,715,216,10,10,https://reqres.in/api/users,401,0,0
1684426698103,401,T01_Create_User,201,Created,Thread Group 1-7,text,true,,713,216,10,10,https://reqres.in/api/users,401,0,0
1684426698090,415,T01_Create_User,201,Created,Thread Group 1-8,text,true,,715,216,10,10,https://reqres.in/api/users,415,0,0
1684426698087,418,T01_Create_User,201,Created,Thread Group 1-3,text,true,,707,216,10,10,https://reqres.in/api/users,418,0,0
1684426698100,405,T01_Create_User,201,Created,Thread Group 1-5,text,true,,710,216,10,10,https://reqres.in/api/users,405,0,0
1684426698138,366,T01_Create_User,201,Created,Thread Group 1-1,text,true,,710,216,10,10,https://reqres.in/api/users,366,0,0
1684426698096,408,T01_Create_User,201,Created,Thread Group 1-10,text,true,,713,216,10,10,https://reqres.in/api/users,408,0,0
1684426698105,402,T01_Create_User,201,Created,Thread Group 1-6,text,true,,716,216,10,10,https://reqres.in/api/users,402,0,0
1684426698105,402,T01_Create_User,201,Created,Thread Group 1-9,text,true,,709,216,10,10,https://reqres.in/api/users,402,0,0
1684426698516,314,T02_Update_Request,200,OK,Thread Group 1-7,text,true,,695,226,10,10,https://reqres.in/api/users/618,314,0,0
1684426698521,325,T02_Update_Request,200,OK,Thread Group 1-3,text,true,,695,226,10,10,https://reqres.in/api/users/408,325,0,0
1684426698516,330,T02_Update_Request,200,OK,Thread Group 1-2,text,true,,695,226,10,10,https://reqres.in/api/users/239,330,0,0
1684426698517,329,T02_Update_Request,200,OK,Thread Group 1-8,text,true,,699,226,10,10,https://reqres.in/api/users/236,329,0,0
1684426698523,327,T02_Update_Request,200,OK,Thread Group 1-1,text,true,,701,225,10,10,https://reqres.in/api/users/58,327,0,0
1684426698516,334,T02_Update_Request,200,OK,Thread Group 1-4,text,true,,703,225,10,10,https://reqres.in/api/users/71,334,0,0
1684426698523,330,T02_Update_Request,200,OK,Thread Group 1-5,text,true,,703,225,10,10,https://reqres.in/api/users/14,330,0,0
1684426698687,311,T02_Update_Request,200,OK,Thread Group 1-6,text,true,,693,225,10,10,https://reqres.in/api/users/80,311,0,0
1684426698687,327,T02_Update_Request,200,OK,Thread Group 1-10,text,true,,693,226,10,10,https://reqres.in/api/users/287,327,0,0
1684426698689,332,T02_Update_Request,200,OK,Thread Group 1-9,text,true,,699,226,10,10,https://reqres.in/api/users/103,332,0,0
1684426698854,309,T01_Create_User,201,Created,Thread Group 1-5,text,true,,711,216,10,10,https://reqres.in/api/users,308,0,0
1684426699169,327,T02_Update_Request,200,OK,Thread Group 1-5,text,true,,705,226,10,10,https://reqres.in/api/users/987,327,0,0
1684426699497,337,T01_Create_User,201,Created,Thread Group 1-5,text,true,,713,216,10,10,https://reqres.in/api/users,337,0,0
1684426698847,332,T01_Create_User,201,Created,Thread Group 1-2,text,true,,719,216,10,10,https://reqres.in/api/users,332,0,0
1684426698851,328,T01_Create_User,201,Created,Thread Group 1-4,text,true,,715,216,10,10,https://reqres.in/api/users,328,0,0
1684426698851,328,T01_Create_User,201,Created,Thread Group 1-1,text,true,,717,216,10,10,https://reqres.in/api/users,328,0,0
1684426698847,337,T01_Create_User,201,Created,Thread Group 1-3,text,true,,713,216,10,10,https://reqres.in/api/users,337,0,0
1684426699000,312,T01_Create_User,201,Created,Thread Group 1-6,text,true,,709,216,10,10,https://reqres.in/api/users,312,0,0
1684426698847,332,T01_Create_User,201,Created,Thread Group 1-8,text,true,,715,216,10,10,https://reqres.in/api/users,332,0,0
1684426699015,338,T01_Create_User,201,Created,Thread Group 1-10,text,true,,709,216,10,10,https://reqres.in/api/users,338,0,0
1684426699023,330,T01_Create_User,201,Created,Thread Group 1-9,text,true,,713,216,10,10,https://reqres.in/api/users,329,0,0
1684426698831,323,T01_Create_User,201,Created,Thread Group 1-7,text,true,,711,216,10,10,https://reqres.in/api/users,323,0,0
1684426699902,317,T02_Update_Request,200,OK,Thread Group 1-4,text,true,,699,226,10,10,https://reqres.in/api/users/342,317,0,0
1684426699902,321,T02_Update_Request,200,OK,Thread Group 1-1,text,true,,691,226,10,10,https://reqres.in/api/users/392,321,0,0
1684426699907,318,T02_Update_Request,200,OK,Thread Group 1-9,text,true,,699,226,10,10,https://reqres.in/api/users/187,317,0,0
1684426699905,321,T02_Update_Request,200,OK,Thread Group 1-10,text,true,,693,226,10,10,https://reqres.in/api/users/922,321,0,0
1684426699905,321,T02_Update_Request,200,OK,Thread Group 1-6,text,true,,707,226,10,10,https://reqres.in/api/users/634,321,0,0
1684426699902,324,T02_Update_Request,200,OK,Thread Group 1-3,text,true,,695,226,10,10,https://reqres.in/api/users/660,324,0,0
1684426699902,324,T02_Update_Request,200,OK,Thread Group 1-2,text,true,,707,226,10,10,https://reqres.in/api/users/432,324,0,0
1684426699903,328,T02_Update_Request,200,OK,Thread Group 1-5,text,true,,693,226,10,10,https://reqres.in/api/users/556,328,0,0
1684426699905,327,T02_Update_Request,200,OK,Thread Group 1-8,text,true,,697,226,10,10,https://reqres.in/api/users/546,327,0,0
1684426699936,325,T02_Update_Request,200,OK,Thread Group 1-7,text,true,,701,226,10,10,https://reqres.in/api/users/128,325,0,0
1684426700227,344,T01_Create_User,201,Created,Thread Group 1-6,text,true,,709,216,10,10,https://reqres.in/api/users,344,0,0
1684426700233,337,T01_Create_User,201,Created,Thread Group 1-5,text,true,,707,216,10,10,https://reqres.in/api/users,336,0,0
1684426700227,343,T01_Create_User,201,Created,Thread Group 1-2,text,true,,709,216,10,10,https://reqres.in/api/users,342,0,0
1684426700262,320,T01_Create_User,201,Created,Thread Group 1-7,text,true,,705,216,10,10,https://reqres.in/api/users,319,0,0
1684426700585,327,T02_Update_Request,200,OK,Thread Group 1-2,text,true,,699,226,10,10,https://reqres.in/api/users/786,327,0,0
1684426700584,328,T02_Update_Request,200,OK,Thread Group 1-6,text,true,,697,226,10,10,https://reqres.in/api/users/408,328,0,0
1684426700584,339,T02_Update_Request,200,OK,Thread Group 1-5,text,true,,691,226,10,10,https://reqres.in/api/users/472,339,0,0
1684426700590,333,T02_Update_Request,200,OK,Thread Group 1-7,text,true,,693,226,10,10,https://reqres.in/api/users/187,333,0,0
1684426700913,325,T01_Create_User,201,Created,Thread Group 1-6,text,true,,717,216,10,10,https://reqres.in/api/users,325,0,0
1684426700924,327,T01_Create_User,201,Created,Thread Group 1-7,text,true,,709,216,10,10,https://reqres.in/api/users,327,0,0
1684426700913,317,T01_Create_User,201,Created,Thread Group 1-2,text,true,,713,216,10,10,https://reqres.in/api/users,317,0,0
1684426700924,327,T01_Create_User,201,Created,Thread Group 1-5,text,true,,709,216,10,10,https://reqres.in/api/users,327,0,0
1684426700220,350,T01_Create_User,201,Created,Thread Group 1-4,text,true,,705,216,10,10,https://reqres.in/api/users,349,0,0
1684426700233,337,T01_Create_User,201,Created,Thread Group 1-8,text,true,,717,216,10,10,https://reqres.in/api/users,337,0,0
1684426700224,346,T01_Create_User,201,Created,Thread Group 1-1,text,true,,723,216,10,10,https://reqres.in/api/users,345,0,0
1684426700227,343,T01_Create_User,201,Created,Thread Group 1-3,text,true,,717,216,10,10,https://reqres.in/api/users,342,0,0
1684426700227,343,T01_Create_User,201,Created,Thread Group 1-10,text,true,,715,216,10,10,https://reqres.in/api/users,342,0,0
1684426700225,345,T01_Create_User,201,Created,Thread Group 1-9,text,true,,721,216,10,10,https://reqres.in/api/users,344,0,0
1684426701670,316,T02_Update_Request,200,OK,Thread Group 1-6,text,true,,703,226,10,10,https://reqres.in/api/users/154,315,0,0
1684426701671,323,T02_Update_Request,200,OK,Thread Group 1-7,text,true,,695,226,10,10,https://reqres.in/api/users/194,323,0,0
1684426701671,323,T02_Update_Request,200,OK,Thread Group 1-2,text,true,,697,226,10,10,https://reqres.in/api/users/508,323,0,0
1684426701671,323,T02_Update_Request,200,OK,Thread Group 1-5,text,true,,701,226,10,10,https://reqres.in/api/users/284,323,0,0
1684426701702,313,T02_Update_Request,200,OK,Thread Group 1-10,text,true,,691,226,10,10,https://reqres.in/api/users/739,312,0,0
1684426701699,319,T02_Update_Request,200,OK,Thread Group 1-3,text,true,,697,226,10,10,https://reqres.in/api/users/884,319,0,0
1684426701699,319,T02_Update_Request,200,OK,Thread Group 1-1,text,true,,703,226,10,10,https://reqres.in/api/users/690,319,0,0
1684426701704,321,T02_Update_Request,200,OK,Thread Group 1-9,text,true,,695,226,10,10,https://reqres.in/api/users/459,321,0,0
1684426701699,331,T02_Update_Request,200,OK,Thread Group 1-8,text,true,,705,226,10,10,https://reqres.in/api/users/448,331,0,0
1684426701699,336,T02_Update_Request,200,OK,Thread Group 1-4,text,true,,705,226,10,10,https://reqres.in/api/users/493,336,0,0
1684426701996,322,T01_Create_User,201,Created,Thread Group 1-2,text,true,,716,216,10,10,https://reqres.in/api/users,321,0,0
1684426702019,314,T01_Create_User,201,Created,Thread Group 1-1,text,true,,709,216,10,10,https://reqres.in/api/users,313,0,0
1684426702028,310,T01_Create_User,201,Created,Thread Group 1-9,text,true,,712,216,10,10,https://reqres.in/api/users,310,0,0
1684426702019,329,T01_Create_User,201,Created,Thread Group 1-3,text,true,,713,216,10,10,https://reqres.in/api/users,329,0,0
1684426702016,338,T01_Create_User,201,Created,Thread Group 1-10,text,true,,711,216,10,10,https://reqres.in/api/users,337,0,0
1684426702031,327,T01_Create_User,201,Created,Thread Group 1-8,text,true,,710,216,10,10,https://reqres.in/api/users,327,0,0
1684426702036,322,T01_Create_User,201,Created,Thread Group 1-4,text,true,,720,216,10,10,https://reqres.in/api/users,322,0,0
1684426701996,315,T01_Create_User,201,Created,Thread Group 1-5,text,true,,711,216,10,10,https://reqres.in/api/users,315,0,0
1684426701996,319,T01_Create_User,201,Created,Thread Group 1-7,text,true,,719,216,10,10,https://reqres.in/api/users,319,0,0
1684426701987,324,T01_Create_User,201,Created,Thread Group 1-6,text,true,,715,216,10,10,https://reqres.in/api/users,324,0,0
1684426702327,324,T02_Update_Request,200,OK,Thread Group 1-2,text,true,,699,225,10,10,https://reqres.in/api/users/94,324,0,0
1684426702340,324,T02_Update_Request,200,OK,Thread Group 1-1,text,true,,697,226,10,10,https://reqres.in/api/users/234,324,0,0
1684426702346,327,T02_Update_Request,200,OK,Thread Group 1-9,text,true,,691,225,10,10,https://reqres.in/api/users/35,327,0,0
1684426702357,321,T02_Update_Request,200,OK,Thread Group 1-3,text,true,,701,226,10,10,https://reqres.in/api/users/572,321,0,0
1684426702361,326,T02_Update_Request,200,OK,Thread Group 1-10,text,true,,701,226,10,10,https://reqres.in/api/users/577,326,0,0
1684426702366,324,T02_Update_Request,200,OK,Thread Group 1-4,text,true,,699,225,10,10,https://reqres.in/api/users/74,324,0,0
1684426702366,328,T02_Update_Request,200,OK,Thread Group 1-8,text,true,,695,225,10,10,https://reqres.in/api/users/97,328,0,0
1684426702604,403,T02_Update_Request,200,OK,Thread Group 1-5,text,true,,693,226,10,10,https://reqres.in/api/users/576,403,0,0
1684426702605,402,T02_Update_Request,200,OK,Thread Group 1-6,text,true,,705,226,10,10,https://reqres.in/api/users/670,402,0,0
1684426702605,402,T02_Update_Request,200,OK,Thread Group 1-7,text,true,,695,226,10,10,https://reqres.in/api/users/500,402,0,0
1684426702665,342,T01_Create_User,201,Created,Thread Group 1-1,text,true,,715,216,10,10,https://reqres.in/api/users,342,0,0
1684426702679,340,T01_Create_User,201,Created,Thread Group 1-3,text,true,,717,216,10,10,https://reqres.in/api/users,340,0,0
1684426702695,328,T01_Create_User,201,Created,Thread Group 1-8,text,true,,711,216,10,10,https://reqres.in/api/users,328,0,0
1684426702691,351,T01_Create_User,201,Created,Thread Group 1-4,text,true,,715,216,10,10,https://reqres.in/api/users,351,0,0
1684426702688,335,T01_Create_User,201,Created,Thread Group 1-10,text,true,,711,216,10,10,https://reqres.in/api/users,335,0,0
1684426702674,333,T01_Create_User,201,Created,Thread Group 1-9,text,true,,715,216,10,10,https://reqres.in/api/users,333,0,0
1684426702652,355,T01_Create_User,201,Created,Thread Group 1-2,text,true,,715,216,10,10,https://reqres.in/api/users,355,0,0
1684426703023,327,T02_Update_Request,200,OK,Thread Group 1-1,text,true,,697,226,10,10,https://reqres.in/api/users/158,327,0,0
1684426703141,308,T02_Update_Request,200,OK,Thread Group 1-8,text,true,,699,226,10,10,https://reqres.in/api/users/466,308,0,0
1684426703142,309,T02_Update_Request,200,OK,Thread Group 1-10,text,true,,699,226,10,10,https://reqres.in/api/users/393,309,0,0
1684426703141,323,T02_Update_Request,200,OK,Thread Group 1-3,text,true,,697,226,10,10,https://reqres.in/api/users/159,323,0,0
1684426703141,335,T02_Update_Request,200,OK,Thread Group 1-4,text,true,,701,226,10,10,https://reqres.in/api/users/715,335,0,0
1684426703185,316,T02_Update_Request,200,OK,Thread Group 1-2,text,true,,697,226,10,10,https://reqres.in/api/users/518,316,0,0
1684426703185,319,T02_Update_Request,200,OK,Thread Group 1-9,text,true,,693,226,10,10,https://reqres.in/api/users/685,319,0,0
1684426703450,319,T01_Create_User,201,Created,Thread Group 1-8,text,true,,705,216,10,10,https://reqres.in/api/users,319,0,0
1684426703351,311,T01_Create_User,201,Created,Thread Group 1-1,text,true,,705,216,10,10,https://reqres.in/api/users,311,0,0
1684426703465,319,T01_Create_User,201,Created,Thread Group 1-3,text,true,,713,216,10,10,https://reqres.in/api/users,319,0,0
1684426703504,305,T01_Create_User,201,Created,Thread Group 1-9,text,true,,709,216,10,10,https://reqres.in/api/users,305,0,0
1684426703502,315,T01_Create_User,201,Created,Thread Group 1-2,text,true,,715,216,10,10,https://reqres.in/api/users,315,0,0
1684426703014,330,T01_Create_User,201,Created,Thread Group 1-6,text,true,,711,216,10,10,https://reqres.in/api/users,330,0,0
1684426703452,308,T01_Create_User,201,Created,Thread Group 1-10,text,true,,709,216,10,10,https://reqres.in/api/users,308,0,0
1684426703477,325,T01_Create_User,201,Created,Thread Group 1-4,text,true,,713,216,10,10,https://reqres.in/api/users,325,0,0
1684426703008,322,T01_Create_User,201,Created,Thread Group 1-5,text,true,,711,216,10,10,https://reqres.in/api/users,322,0,0
1684426703014,318,T01_Create_User,201,Created,Thread Group 1-7,text,true,,711,216,10,10,https://reqres.in/api/users,318,0,0
1684426704090,351,T02_Update_Request,200,OK,Thread Group 1-10,text,true,,697,226,10,10,https://reqres.in/api/users/202,351,0,0
1684426704087,354,T02_Update_Request,200,OK,Thread Group 1-8,text,true,,697,226,10,10,https://reqres.in/api/users/462,354,0,0
1684426704087,355,T02_Update_Request,200,OK,Thread Group 1-9,text,true,,697,226,10,10,https://reqres.in/api/users/615,355,0,0
1684426704087,355,T02_Update_Request,200,OK,Thread Group 1-3,text,true,,693,226,10,10,https://reqres.in/api/users/746,355,0,0
1684426704087,354,T02_Update_Request,200,OK,Thread Group 1-1,text,true,,699,226,10,10,https://reqres.in/api/users/908,354,0,0
1684426704093,350,T02_Update_Request,200,OK,Thread Group 1-4,text,true,,695,226,10,10,https://reqres.in/api/users/277,349,0,0
1684426704089,352,T02_Update_Request,200,OK,Thread Group 1-6,text,true,,695,226,10,10,https://reqres.in/api/users/553,352,0,0
1684426704088,356,T02_Update_Request,200,OK,Thread Group 1-2,text,true,,697,226,10,10,https://reqres.in/api/users/514,356,0,0
1684426704123,325,T02_Update_Request,200,OK,Thread Group 1-7,text,true,,693,226,10,10,https://reqres.in/api/users/108,325,0,0
1684426704122,335,T02_Update_Request,200,OK,Thread Group 1-5,text,true,,705,226,10,10,https://reqres.in/api/users/656,335,0,0
1684426704444,322,T01_Create_User,201,Created,Thread Group 1-4,text,true,,713,216,10,10,https://reqres.in/api/users,322,0,0
1684426704449,321,T01_Create_User,201,Created,Thread Group 1-7,text,true,,715,216,10,10,https://reqres.in/api/users,321,0,0
1684426704445,338,T01_Create_User,201,Created,Thread Group 1-1,text,true,,711,216,10,10,https://reqres.in/api/users,338,0,0
1684426704442,328,T01_Create_User,201,Created,Thread Group 1-8,text,true,,713,216,10,10,https://reqres.in/api/users,328,0,0
1684426704443,323,T01_Create_User,201,Created,Thread Group 1-3,text,true,,713,216,10,10,https://reqres.in/api/users,323,0,0
1684426704444,322,T01_Create_User,201,Created,Thread Group 1-2,text,true,,717,216,10,10,https://reqres.in/api/users,322,0,0
1684426704444,326,T01_Create_User,201,Created,Thread Group 1-6,text,true,,711,216,10,10,https://reqres.in/api/users,326,0,0
1684426704458,312,T01_Create_User,201,Created,Thread Group 1-5,text,true,,711,216,10,10,https://reqres.in/api/users,312,0,0
1684426704443,323,T01_Create_User,201,Created,Thread Group 1-9,text,true,,715,216,10,10,https://reqres.in/api/users,323,0,0
1684426704442,311,T01_Create_User,201,Created,Thread Group 1-10,text,true,,715,216,10,10,https://reqres.in/api/users,310,0,0
1684426704932,307,T02_Update_Request,200,OK,Thread Group 1-3,text,true,,691,226,10,10,https://reqres.in/api/users/333,307,0,0
1684426704930,309,T02_Update_Request,200,OK,Thread Group 1-4,text,true,,691,226,10,10,https://reqres.in/api/users/149,309,0,0
1684426704932,314,T02_Update_Request,200,OK,Thread Group 1-8,text,true,,699,226,10,10,https://reqres.in/api/users/611,313,0,0
1684426704930,321,T02_Update_Request,200,OK,Thread Group 1-1,text,true,,691,226,10,10,https://reqres.in/api/users/824,321,0,0
1684426704937,316,T02_Update_Request,200,OK,Thread Group 1-6,text,true,,699,226,10,10,https://reqres.in/api/users/896,316,0,0
1684426704932,321,T02_Update_Request,200,OK,Thread Group 1-2,text,true,,693,226,10,10,https://reqres.in/api/users/263,321,0,0
1684426704930,326,T02_Update_Request,200,OK,Thread Group 1-7,text,true,,695,226,10,10,https://reqres.in/api/users/982,326,0,0
1684426704937,325,T02_Update_Request,200,OK,Thread Group 1-5,text,true,,699,226,8,8,https://reqres.in/api/users/454,325,0,0
1684426704953,314,T02_Update_Request,200,OK,Thread Group 1-10,text,true,,697,226,8,8,https://reqres.in/api/users/742,314,0,0
1684426704940,337,T02_Update_Request,200,OK,Thread Group 1-9,text,true,,693,226,8,8,https://reqres.in/api/users/952,337,0,0
1684426705240,316,T01_Create_User,201,Created,Thread Group 1-4,text,true,,708,216,8,8,https://reqres.in/api/users,316,0,0
1684426705257,325,T01_Create_User,201,Created,Thread Group 1-7,text,true,,715,216,8,8,https://reqres.in/api/users,325,0,0
1684426705246,328,T01_Create_User,201,Created,Thread Group 1-8,text,true,,707,216,8,8,https://reqres.in/api/users,328,0,0
1684426705254,310,T01_Create_User,201,Created,Thread Group 1-6,text,true,,705,216,8,8,https://reqres.in/api/users,310,0,0
1684426705263,328,T01_Create_User,201,Created,Thread Group 1-5,text,true,,715,216,8,8,https://reqres.in/api/users,328,0,0
1684426705278,322,T01_Create_User,201,Created,Thread Group 1-9,text,true,,713,216,8,8,https://reqres.in/api/users,322,0,0
1684426705268,310,T01_Create_User,201,Created,Thread Group 1-10,text,true,,707,216,8,8,https://reqres.in/api/users,310,0,0
1684426705240,309,T01_Create_User,201,Created,Thread Group 1-3,text,true,,715,216,8,8,https://reqres.in/api/users,309,0,0
1684426705564,322,T02_Update_Request,200,OK,Thread Group 1-4,text,true,,693,225,8,8,https://reqres.in/api/users/40,322,0,0
1684426705701,317,T02_Update_Request,200,OK,Thread Group 1-6,text,true,,695,226,8,8,https://reqres.in/api/users/878,317,0,0
1684426705701,320,T02_Update_Request,200,OK,Thread Group 1-5,text,true,,703,226,8,8,https://reqres.in/api/users/913,320,0,0
1684426705700,321,T02_Update_Request,200,OK,Thread Group 1-8,text,true,,691,226,8,8,https://reqres.in/api/users/773,321,0,0
1684426705700,324,T02_Update_Request,200,OK,Thread Group 1-7,text,true,,699,226,7,7,https://reqres.in/api/users/932,324,0,0
1684426705703,325,T02_Update_Request,200,OK,Thread Group 1-9,text,true,,693,226,7,7,https://reqres.in/api/users/415,325,0,0
1684426705703,327,T02_Update_Request,200,OK,Thread Group 1-10,text,true,,693,226,7,7,https://reqres.in/api/users/126,327,0,0
1684426705727,325,T02_Update_Request,200,OK,Thread Group 1-3,text,true,,697,226,7,7,https://reqres.in/api/users/807,325,0,0
1684426706029,322,T01_Create_User,201,Created,Thread Group 1-9,text,true,,709,216,6,6,https://reqres.in/api/users,322,0,0
1684426706019,312,T01_Create_User,201,Created,Thread Group 1-6,text,true,,709,216,6,6,https://reqres.in/api/users,312,0,0
1684426706025,313,T01_Create_User,201,Created,Thread Group 1-7,text,true,,707,216,6,6,https://reqres.in/api/users,313,0,0
1684426706022,324,T01_Create_User,201,Created,Thread Group 1-8,text,true,,711,216,6,6,https://reqres.in/api/users,324,0,0
1684426706031,341,T01_Create_User,201,Created,Thread Group 1-10,text,true,,707,216,6,6,https://reqres.in/api/users,341,0,0
1684426705887,333,T01_Create_User,201,Created,Thread Group 1-4,text,true,,711,216,6,6,https://reqres.in/api/users,333,0,0
1684426706383,321,T02_Update_Request,200,OK,Thread Group 1-7,text,true,,701,226,6,6,https://reqres.in/api/users/881,321,0,0
1684426706384,321,T02_Update_Request,200,OK,Thread Group 1-10,text,true,,697,226,6,6,https://reqres.in/api/users/183,321,0,0
1684426706383,322,T02_Update_Request,200,OK,Thread Group 1-8,text,true,,697,226,6,6,https://reqres.in/api/users/288,322,0,0
1684426706383,331,T02_Update_Request,200,OK,Thread Group 1-9,text,true,,697,226,6,6,https://reqres.in/api/users/985,331,0,0
1684426706383,334,T02_Update_Request,200,OK,Thread Group 1-6,text,true,,699,226,6,6,https://reqres.in/api/users/175,334,0,0
1684426706406,331,T02_Update_Request,200,OK,Thread Group 1-4,text,true,,705,226,6,6,https://reqres.in/api/users/133,331,0,0
1684426706718,388,T01_Create_User,201,Created,Thread Group 1-6,text,true,,717,216,5,5,https://reqres.in/api/users,388,0,0
1684426706705,401,T01_Create_User,201,Created,Thread Group 1-7,text,true,,709,216,5,5,https://reqres.in/api/users,401,0,0
1684426706715,391,T01_Create_User,201,Created,Thread Group 1-9,text,true,,713,216,5,5,https://reqres.in/api/users,391,0,0
1684426706705,401,T01_Create_User,201,Created,Thread Group 1-10,text,true,,709,216,5,5,https://reqres.in/api/users,401,0,0
1684426706706,400,T01_Create_User,201,Created,Thread Group 1-8,text,true,,709,216,5,5,https://reqres.in/api/users,400,0,0
1684426707320,316,T02_Update_Request,200,OK,Thread Group 1-8,text,true,,703,226,5,5,https://reqres.in/api/users/287,316,0,0
1684426707320,320,T02_Update_Request,200,OK,Thread Group 1-10,text,true,,695,226,5,5,https://reqres.in/api/users/676,320,0,0
1684426707320,320,T02_Update_Request,200,OK,Thread Group 1-9,text,true,,699,226,5,5,https://reqres.in/api/users/589,320,0,0
1684426707320,322,T02_Update_Request,200,OK,Thread Group 1-7,text,true,,697,226,5,5,https://reqres.in/api/users/460,322,0,0
1684426707320,331,T02_Update_Request,200,OK,Thread Group 1-6,text,true,,699,226,5,5,https://reqres.in/api/users/389,331,0,0
1684426707643,311,T01_Create_User,201,Created,Thread Group 1-7,text,true,,711,216,4,4,https://reqres.in/api/users,311,0,0
1684426707641,313,T01_Create_User,201,Created,Thread Group 1-9,text,true,,715,216,4,4,https://reqres.in/api/users,313,0,0
1684426707641,323,T01_Create_User,201,Created,Thread Group 1-10,text,true,,708,216,4,4,https://reqres.in/api/users,323,0,0
1684426707961,315,T02_Update_Request,200,OK,Thread Group 1-7,text,true,,693,226,4,4,https://reqres.in/api/users/860,315,0,0
1684426707961,322,T02_Update_Request,200,OK,Thread Group 1-9,text,true,,693,226,4,4,https://reqres.in/api/users/752,322,0,0
1684426707970,326,T02_Update_Request,200,OK,Thread Group 1-10,text,true,,699,225,4,4,https://reqres.in/api/users/64,326,0,0
1684426708297,318,T01_Create_User,201,Created,Thread Group 1-10,text,true,,715,216,4,4,https://reqres.in/api/users,318,0,0
1684426708277,309,T01_Create_User,201,Created,Thread Group 1-7,text,true,,707,216,4,4,https://reqres.in/api/users,309,0,0
1684426708284,320,T01_Create_User,201,Created,Thread Group 1-9,text,true,,713,216,4,4,https://reqres.in/api/users,320,0,0
1684426707636,311,T01_Create_User,201,Created,Thread Group 1-8,text,true,,707,216,4,4,https://reqres.in/api/users,311,0,0
1684426708746,407,T02_Update_Request,200,OK,Thread Group 1-7,text,true,,695,226,4,4,https://reqres.in/api/users/167,407,0,0
1684426708770,383,T02_Update_Request,200,OK,Thread Group 1-8,text,true,,693,226,4,4,https://reqres.in/api/users/304,383,0,0
1684426708745,408,T02_Update_Request,200,OK,Thread Group 1-9,text,true,,697,226,4,4,https://reqres.in/api/users/914,408,0,0
1684426708745,408,T02_Update_Request,200,OK,Thread Group 1-10,text,true,,693,226,4,4,https://reqres.in/api/users/123,408,0,0
1684426709154,408,T01_Create_User,201,Created,Thread Group 1-10,text,true,,721,216,3,3,https://reqres.in/api/users,408,0,0
1684426709154,408,T01_Create_User,201,Created,Thread Group 1-9,text,true,,711,216,3,3,https://reqres.in/api/users,408,0,0
1684426709154,408,T01_Create_User,201,Created,Thread Group 1-8,text,true,,717,216,3,3,https://reqres.in/api/users,408,0,0
1684426709766,410,T02_Update_Request,200,OK,Thread Group 1-10,text,true,,693,226,3,3,https://reqres.in/api/users/874,410,0,0
1684426709766,410,T02_Update_Request,200,OK,Thread Group 1-8,text,true,,701,226,3,3,https://reqres.in/api/users/215,410,0,0
1684426709766,410,T02_Update_Request,200,OK,Thread Group 1-9,text,true,,697,226,3,3,https://reqres.in/api/users/564,410,0,0
1684426710178,320,T01_Create_User,201,Created,Thread Group 1-10,text,true,,709,216,3,3,https://reqres.in/api/users,320,0,0
1684426710177,328,T01_Create_User,201,Created,Thread Group 1-9,text,true,,713,216,3,3,https://reqres.in/api/users,328,0,0
1684426710177,315,T01_Create_User,201,Created,Thread Group 1-8,text,true,,723,216,3,3,https://reqres.in/api/users,315,0,0
1684426710638,358,T02_Update_Request,200,OK,Thread Group 1-9,text,true,,693,226,3,3,https://reqres.in/api/users/305,358,0,0
1684426710638,358,T02_Update_Request,200,OK,Thread Group 1-10,text,true,,695,226,3,3,https://reqres.in/api/users/536,358,0,0
1684426710681,320,T02_Update_Request,200,OK,Thread Group 1-8,text,true,,695,226,1,1,https://reqres.in/api/users/483,320,0,0
